package,kind,symbol,source,status,destination_or_reason
middleware,func,AllowContentEncoding,content_encoding.go,compatible,goforge.dev/gpchi/middleware
middleware,func,AllowContentType,content_type.go,compatible,goforge.dev/gpchi/middleware
middleware,func,BasicAuth,basic_auth.go,compatible,goforge.dev/gpchi/middleware
middleware,func,CleanPath,clean_path.go,compatible,goforge.dev/gpchi/middleware
middleware,func,ClientIPFromHeader,client_ip.go,compatible,goforge.dev/gpchi/middleware
middleware,func,ClientIPFromRemoteAddr,client_ip.go,compatible,goforge.dev/gpchi/middleware
middleware,func,ClientIPFromXFF,client_ip.go,compatible,goforge.dev/gpchi/middleware
middleware,func,ClientIPFromXFFTrustedProxies,client_ip.go,compatible,goforge.dev/gpchi/middleware
middleware,func,Compress,compress.go,compatible,goforge.dev/gpchi/middleware
middleware,type,Compressor,compress.go,compatible,goforge.dev/gpchi/middleware
middleware,method,Compressor.Handler,compress.go,compatible,goforge.dev/gpchi/middleware
middleware,method,Compressor.SetEncoder,compress.go,compatible,goforge.dev/gpchi/middleware
middleware,func,ContentCharset,content_charset.go,compatible,goforge.dev/gpchi/middleware
middleware,type,DefaultLogFormatter,logger.go,compatible,goforge.dev/gpchi/middleware
middleware,method,DefaultLogFormatter.NewLogEntry,logger.go,compatible,goforge.dev/gpchi/middleware
middleware,var,DefaultLogger,logger.go,compatible,goforge.dev/gpchi/middleware
middleware,type,EncoderFunc,compress.go,compatible,goforge.dev/gpchi/middleware
middleware,func,GetClientIP,client_ip.go,compatible,goforge.dev/gpchi/middleware
middleware,func,GetClientIPAddr,client_ip.go,compatible,goforge.dev/gpchi/middleware
middleware,func,GetHead,get_head.go,compatible,goforge.dev/gpchi/middleware
middleware,func,GetLogEntry,logger.go,compatible,goforge.dev/gpchi/middleware
middleware,func,GetReqID,request_id.go,compatible,goforge.dev/gpchi/middleware
middleware,type,HeaderRoute,route_headers.go,compatible,goforge.dev/gpchi/middleware
middleware,method,HeaderRoute.IsMatch,route_headers.go,compatible,goforge.dev/gpchi/middleware
middleware,type,HeaderRouter,route_headers.go,compatible,goforge.dev/gpchi/middleware
middleware,method,HeaderRouter.Handler,route_headers.go,compatible,goforge.dev/gpchi/middleware
middleware,method,HeaderRouter.Route,route_headers.go,compatible,goforge.dev/gpchi/middleware
middleware,method,HeaderRouter.RouteAny,route_headers.go,compatible,goforge.dev/gpchi/middleware
middleware,method,HeaderRouter.RouteDefault,route_headers.go,compatible,goforge.dev/gpchi/middleware
middleware,func,Heartbeat,heartbeat.go,compatible,goforge.dev/gpchi/middleware
middleware,var,IsTTY,terminal.go,compatible,goforge.dev/gpchi/middleware
middleware,type,LogEntry,logger.go,compatible,goforge.dev/gpchi/middleware
middleware,var,LogEntryCtxKey,logger.go,compatible,goforge.dev/gpchi/middleware
middleware,type,LogFormatter,logger.go,compatible,goforge.dev/gpchi/middleware
middleware,func,Logger,logger.go,compatible,goforge.dev/gpchi/middleware
middleware,type,LoggerInterface,logger.go,compatible,goforge.dev/gpchi/middleware
middleware,func,Maybe,maybe.go,compatible,goforge.dev/gpchi/middleware
middleware,func,New,middleware.go,compatible,goforge.dev/gpchi/middleware
middleware,func,NewCompressor,compress.go,compatible,goforge.dev/gpchi/middleware
middleware,func,NewPattern,route_headers.go,compatible,goforge.dev/gpchi/middleware
middleware,func,NewWrapResponseWriter,wrap_writer.go,compatible,goforge.dev/gpchi/middleware
middleware,func,NextRequestID,request_id.go,compatible,goforge.dev/gpchi/middleware
middleware,func,NoCache,nocache.go,compatible,goforge.dev/gpchi/middleware
middleware,func,PageRoute,page_route.go,compatible,goforge.dev/gpchi/middleware
middleware,func,PathRewrite,path_rewrite.go,compatible,goforge.dev/gpchi/middleware
middleware,type,Pattern,route_headers.go,compatible,goforge.dev/gpchi/middleware
middleware,method,Pattern.Match,route_headers.go,compatible,goforge.dev/gpchi/middleware
middleware,func,PrintPrettyStack,recoverer.go,compatible,goforge.dev/gpchi/middleware
middleware,func,Profiler,profiler.go,compatible,goforge.dev/gpchi/middleware
middleware,func,RealIP,realip.go,compatible,goforge.dev/gpchi/middleware
middleware,func,Recoverer,recoverer.go,compatible,goforge.dev/gpchi/middleware
middleware,func,RedirectSlashes,strip.go,compatible,goforge.dev/gpchi/middleware
middleware,func,RequestID,request_id.go,compatible,goforge.dev/gpchi/middleware
middleware,var,RequestIDHeader,request_id.go,compatible,goforge.dev/gpchi/middleware
middleware,const,RequestIDKey,request_id.go,compatible,goforge.dev/gpchi/middleware
middleware,func,RequestLogger,logger.go,compatible,goforge.dev/gpchi/middleware
middleware,func,RequestSize,request_size.go,compatible,goforge.dev/gpchi/middleware
middleware,func,RouteHeaders,route_headers.go,compatible,goforge.dev/gpchi/middleware
middleware,func,SetHeader,content_type.go,compatible,goforge.dev/gpchi/middleware
middleware,func,StripPrefix,strip.go,compatible,goforge.dev/gpchi/middleware
middleware,func,StripSlashes,strip.go,compatible,goforge.dev/gpchi/middleware
middleware,func,Sunset,sunset.go,compatible,goforge.dev/gpchi/middleware
middleware,func,SupressNotFound,supress_notfound.go,compatible,goforge.dev/gpchi/middleware
middleware,func,Throttle,throttle.go,compatible,goforge.dev/gpchi/middleware
middleware,func,ThrottleBacklog,throttle.go,compatible,goforge.dev/gpchi/middleware
middleware,type,ThrottleOpts,throttle.go,compatible,goforge.dev/gpchi/middleware
middleware,func,ThrottleWithOpts,throttle.go,compatible,goforge.dev/gpchi/middleware
middleware,func,Timeout,timeout.go,compatible,goforge.dev/gpchi/middleware
middleware,func,URLFormat,url_format.go,compatible,goforge.dev/gpchi/middleware
middleware,var,URLFormatCtxKey,url_format.go,compatible,goforge.dev/gpchi/middleware
middleware,func,WithLogEntry,logger.go,compatible,goforge.dev/gpchi/middleware
middleware,func,WithValue,value.go,compatible,goforge.dev/gpchi/middleware
middleware,type,WrapResponseWriter,wrap_writer.go,compatible,goforge.dev/gpchi/middleware
root,func,Chain,chain.go,compatible,goforge.dev/gpchi
root,type,ChainHandler,chain.go,compatible,goforge.dev/gpchi
root,method,ChainHandler.ServeHTTP,chain.go,compatible,goforge.dev/gpchi
root,type,Context,context.go,compatible,goforge.dev/gpchi
root,method,Context.Reset,context.go,compatible,goforge.dev/gpchi
root,method,Context.RoutePattern,context.go,compatible,goforge.dev/gpchi
root,method,Context.URLParam,context.go,compatible,goforge.dev/gpchi
root,type,Middlewares,chi.go,compatible,goforge.dev/gpchi
root,method,Middlewares.Handler,chain.go,compatible,goforge.dev/gpchi
root,method,Middlewares.HandlerFunc,chain.go,compatible,goforge.dev/gpchi
root,type,Mux,mux.go,compatible,goforge.dev/gpchi
root,method,Mux.Connect,mux.go,compatible,goforge.dev/gpchi
root,method,Mux.Delete,mux.go,compatible,goforge.dev/gpchi
root,method,Mux.Find,mux.go,compatible,goforge.dev/gpchi
root,method,Mux.Get,mux.go,compatible,goforge.dev/gpchi
root,method,Mux.Group,mux.go,compatible,goforge.dev/gpchi
root,method,Mux.Handle,mux.go,compatible,goforge.dev/gpchi
root,method,Mux.HandleFunc,mux.go,compatible,goforge.dev/gpchi
root,method,Mux.Head,mux.go,compatible,goforge.dev/gpchi
root,method,Mux.Match,mux.go,compatible,goforge.dev/gpchi
root,method,Mux.Method,mux.go,compatible,goforge.dev/gpchi
root,method,Mux.MethodFunc,mux.go,compatible,goforge.dev/gpchi
root,method,Mux.MethodNotAllowed,mux.go,compatible,goforge.dev/gpchi
root,method,Mux.MethodNotAllowedHandler,mux.go,compatible,goforge.dev/gpchi
root,method,Mux.Middlewares,mux.go,compatible,goforge.dev/gpchi
root,method,Mux.Mount,mux.go,compatible,goforge.dev/gpchi
root,method,Mux.NotFound,mux.go,compatible,goforge.dev/gpchi
root,method,Mux.NotFoundHandler,mux.go,compatible,goforge.dev/gpchi
root,method,Mux.Options,mux.go,compatible,goforge.dev/gpchi
root,method,Mux.Patch,mux.go,compatible,goforge.dev/gpchi
root,method,Mux.Post,mux.go,compatible,goforge.dev/gpchi
root,method,Mux.Put,mux.go,compatible,goforge.dev/gpchi
root,method,Mux.Query,mux.go,compatible,goforge.dev/gpchi
root,method,Mux.Route,mux.go,compatible,goforge.dev/gpchi
root,method,Mux.Routes,mux.go,compatible,goforge.dev/gpchi
root,method,Mux.ServeHTTP,mux.go,compatible,goforge.dev/gpchi
root,method,Mux.Trace,mux.go,compatible,goforge.dev/gpchi
root,method,Mux.Use,mux.go,compatible,goforge.dev/gpchi
root,method,Mux.With,mux.go,compatible,goforge.dev/gpchi
root,func,NewMux,mux.go,compatible,goforge.dev/gpchi
root,func,NewRouteContext,context.go,compatible,goforge.dev/gpchi
root,func,NewRouter,chi.go,compatible,goforge.dev/gpchi
root,func,RegisterMethod,tree.go,compatible,goforge.dev/gpchi
root,type,Route,tree.go,compatible,goforge.dev/gpchi
root,func,RouteContext,context.go,compatible,goforge.dev/gpchi
root,var,RouteCtxKey,context.go,compatible,goforge.dev/gpchi
root,type,RouteParams,context.go,compatible,goforge.dev/gpchi
root,method,RouteParams.Add,context.go,compatible,goforge.dev/gpchi
root,type,Router,chi.go,compatible,goforge.dev/gpchi
root,type,Routes,chi.go,compatible,goforge.dev/gpchi
root,func,URLParam,context.go,compatible,goforge.dev/gpchi
root,func,URLParamFromCtx,context.go,compatible,goforge.dev/gpchi
root,func,Walk,tree.go,compatible,goforge.dev/gpchi
root,type,WalkFunc,tree.go,compatible,goforge.dev/gpchi
